n,num_planted,p_intra,p_inter,louvain_time,louvain_detected,louvain_modularity,louvain_nmi,leiden_time,leiden_detected,leiden_modularity,leiden_nmi
200,4,0.1,0.01,0.009317398071289062,4,0.5116457076379779,0.7656077210649339,0.0010006427764892578,4,0.5202297015437559,0.267312710265625
200,4,0.2,0.01,0.00913858413696289,4,0.6166220143750838,1.0,0.001977682113647461,4,0.6166220143750838,0.30653777102217084
200,4,0.3,0.01,0.007920265197753906,4,0.6549672245178112,1.0,0.0026237964630126953,4,0.6549672245178112,0.3428452105791732
200,4,0.4,0.01,0.011625528335571289,4,0.6756283192094992,1.0,0.0019004344940185547,4,0.6756283192094993,0.3553111200650935
200,4,0.5,0.01,0.011012554168701172,4,0.6893505164081979,1.0,0.0029981136322021484,4,0.6893505164081979,0.36978390455563803
200,4,0.6,0.01,0.01105046272277832,4,0.7001046703348575,1.0,0.0024216175079345703,4,0.7001046703348576,0.4058115352683343
