n,p,noise_level,k,precision,recall,hit_rate
500,0.1,0.0,10,0.02339999999999996,0.023255675370381236,0.212
500,0.1,0.05,10,0.02179999999999996,0.021814074487603884,0.204
500,0.1,0.1,10,0.022999999999999958,0.023007048790562704,0.206
500,0.1,0.15,10,0.023799999999999957,0.02520936428552526,0.21
500,0.1,0.2,10,0.01919999999999997,0.01862596178331471,0.178
500,0.1,0.3,10,0.024999999999999956,0.023781492973830434,0.224
